id,llm,baseline_grade,final_grade,actual_grade,final_flesch_kincaid,final_dale_chall,iterations_used,core_concept,final_explanation
2189,CHATGPT,10.0,9.0,14.0,2.4,12.94,3,"The essay argues for continuing online classes (via Zoom) after COVID-19 rather than mandatory face-to-face instruction. It claims online learning saves time, reduces expenses, and offers greater flexibility for students.","Here‚Äôs an ultra-simple version for a younger child (about 2‚Äì3 years old):

- Two ways to learn: at home on a screen, or in a room with a teacher.

- Online class: at home, you use a screen. The teacher and friends are on the screen.

- Why online: it starts fast. You can wear comfy clothes. You can watch again if you miss something.

- What online looks like: the screen shows the teacher and friends. You learn at home.

- A small note: it can be harder to ask questions or talk on the screen.

- The big idea: kids learn in different ways. Some learn best online, some in a room with a teacher. The goal is to learn and be happy."
2189,CLAUDE,7.0,7.0,14.0,2.6,15.95,5,"The author argues that universities should continue offering online Zoom classes after COVID-19 instead of returning to mandatory in-person instruction. The main argument is that online classes are superior because they save students time, reduce transportation and equipment expenses, and provide greater flexibility in how students spend their free time.","**Learning at Home or Learning at School**

Some kids learn with Mama and Dada at home. Some kids go to school!

**At home:**
- Stay in PJs!
- Teddy comes too
- Yummy snacks
- Mama hugs

**At school:**
- Put on clothes
- Play with friends
- Big yellow bus - beep beep!
- Slide and swings!

Home = cozy like your crib
School = big like the park

Both good! Like milk AND cookies yummy!

You learn everywhere! Home, school, anywhere!

*claps hands*"
2189,GEMINI,8.0,8.0,14.0,0.89,13.44,3,"The core concept is that the university should permanently adopt online (Zoom) classes instead of returning to face-to-face instruction after the COVID-19 pandemic. This change is advocated to provide students with greater efficiency, reduced expenses, and increased personal flexibility.","Okay, listen close!

Mommy and Daddy sometimes go in the car for their jobs, or to learn new things. Vroom, vroom!

Remember when we stayed home a lot, like when the sniffles were around? Mommy and Daddy did their work or learned on the computer. Right here, at home!

Now, some grown-ups say, ""Let's keep doing that! Let's stay home to work or learn!""

Here's why it's super-duper good:

1.  **More Time for YOU!**
    If Mommy and Daddy don't go in the car, they don't drive far away. Guess what? More time for hugs! More time to play with you! Or read a book! Yay! More happy time!

2.  **No Car = Treats!**
    No car, so no special gas money! So, they save money! Yay! More money for yummy ice cream! Or a new toy for you! Hooray! Treats!

3.  **Learn at Home!**
    They can work or learn right here, at our house! On the comfy couch! Or even at Grandma's house! So easy! When they're not sleepy, they can learn! Happy grown-ups!

So, the big idea is: grown-ups stay home to work or learn on the computer! It means more time for you, more yummy treats, and easy learning! Everyone is happy!"
162,CHATGPT,0.0,0.0,13.5,2.83,14.25,2,"I can‚Äôt extract a core concept from the essay because the provided text is missing (it shows ""nan""). 

If you want a core concept based on the prompt, it could be: The main idea is that study effectiveness depends on the learner's needs, with solo study offering focus and flexibility and group study offering collaboration and accountability.","Big idea:
- Kids learn in different ways. Some learn alone. Some learn with friends.

Solo time (learning by yourself):
- What it is: you do it by yourself.
- Good parts: quiet, you go at your own speed, you can stop when you want.
- What it feels like: your own calm space.

Group time (learning with friends):
- What it is: you do it with friends.
- Good parts: you hear new ideas, you help each other, you don‚Äôt feel alone.
- What it feels like: you talk, you cheer each other on.

When to choose which:
- Solo: when you want quiet or to finish something fast.
- Group: when you want ideas from friends, someone to help, or you want company.

Tiny plan you can try:
- Do a little by yourself.
- Then do a little with one friend and tell what you learned.

Short story:
- Mia plays with blocks by herself and finishes a small puzzle.
- Kai plays with two friends and learns by explaining counting to them.

Bottom line:
- The best way to learn is the way you like. Many kids use both."
162,CLAUDE,0.0,0.0,13.5,1.75,12.98,3,"I cannot extract a core concept or main argument from this essay because the essay content shows ""nan"" (not a number/no content available). There is no actual essay text provided to analyze.","**What does ""nan"" mean?**
""Nan"" means the computer is confused! It's like when your toy says ""beep beep"" instead of talking.

**What happened?**
You wanted me to look at a picture, but there was no picture there! It was empty!

**Why does this happen?**
Sometimes things don't work, like when:
- Your toy stops working
- The TV goes dark
- A crayon breaks

**What do we do?**
We try again! Like when you drop your teddy bear - you just pick it up!

If you want to show me a picture, make sure the picture is there first. Then I can see it!

It's okay! We can try again! üòä"
162,GEMINI,0.0,0.0,13.5,2.03,12.08,2,"The essay text is ""nan,"" indicating that no essay was provided. Therefore, I cannot extract a core concept or main argument.","Okay, imagine I'm your friend who loves to read books with you!

Sometimes, when you give me a book to read, it's empty! Like a blank page with no pictures or words. Or sometimes, instead of a story, it just has a special word that looks like 'nan.'

'Nan' is a little secret word that means: **""Uh oh! There's no story here!""** It's like a sign that says, ""Oops! Nothing to read!""

So, if the book is empty, or it just says 'nan,' I can't tell you what it's about! I can't tell you if it's about a magic unicorn, or a brave knight, or a silly monster. Because... poof! There's just nothing there! It's like a big empty box where the toys should be, but they're not."
915,CHATGPT,11.0,11.0,13.5,2.75,13.61,4,"Learning across multiple subjects exposes students to diverse ideas and problem-solving approaches from different fields, making them more versatile and capable. It also fosters better communication with people from various disciplines and broadens opportunities for interdisciplinary research, arguing against early specialization.","Here‚Äôs an even simpler version for an even younger child (about 9‚Äì12 months to 1 year):

- New things are fun for your brain.
- Look, touch, hear: colors, shapes, songs, animals.
- Try a little at a time. You learn as you play.
- The more you try, with help, the more you can do.
- Tiny idea: a small drawing with a big crayon and a sticker.
- It‚Äôs okay to try lots of things. You‚Äôll pick your favorites later.
- Picture idea: your brain is a big box of toys. A few toys are easy; many toys are more fun.
- Tiny idea: do two things together, like scribble with a crayon and press a sticker.
- Bottom line: trying new things helps you learn and have more fun."
915,CLAUDE,9.0,8.0,13.5,0.8,14.03,3,"The essay argues that universities should require students to take classes in many subjects rather than specializing in one field because interdisciplinary learning provides diverse thinking skills, better networking opportunities, and enhanced research capabilities needed in today's interconnected world.","Here's the same idea for a tiny little kid:

**Do you like to play?** 

Good! Playing is learning!

**Look at your toys:**
- Blocks! 
- Crayons!
- Cars!
- Books!

**What if mommy said: ""You can ONLY play with blocks. No crayons. No cars. No books. Just blocks.""**

That would be sad, right? üò¢

**But what if mommy said: ""You can play with ALL your toys!""**

YAY! That's happy! üòä

**When you play with ALL your toys:**
- Your brain gets happy and smart! üß†
- You have MORE fun!
- You learn MORE things!

**Big kids do this too!**
Some big kids only want to learn about one thing - like ONLY dinosaurs.
But it's better to learn about dinosaurs AND colors AND numbers AND songs!

**Just like your toys - learning is more fun when you try EVERYTHING!**

So keep being curious about lots of things:
- ""What's that bug?""
- ""Why is the sky blue?"" 
- ""How do cars work?""

**Remember: Try everything! Learn everything! Have fun!** üåü"
915,GEMINI,9.0,13.0,13.5,2.23,13.97,4,"Universities should require students to take classes in many subjects because it equips them with diverse ideas and abilities for various situations, fosters communication and collaboration skills, and ultimately makes them better workers and researchers by enabling them to tackle complex, interdisciplinary problems.","Okay, little buddy, listen!

When you learn new things ‚Äì like knowing your colors! Red! Blue! Or knowing how to count your toes! One, two, three!

It's like having a **super-duper toy box!**

Imagine if your toy box only had *one* toy. Just *one* little car. Vroom! That's fun for a tiny bit. But maybe after a little while... ""hmm.""

But if your toy box has blocks! And crayons! And a bouncy ball! Wow!
You can play **so many** different games!
If Mommy says, ""Let's draw a picture!"" You have crayons! ""Yay!""
If Daddy says, ""Let's build a tall tower!"" You have blocks! ""Hooray!""

And when you know about lots of different things, you can play with **all** your friends!
Maybe one friend loves to draw. You can draw with them!
Maybe another friend loves to kick a ball. You can kick with them!
It's like knowing *all* the fun games, so everyone can play and be happy together!

Sometimes, grown-ups have special jobs!
Like making sure our park is super-duper fun! Or building a really big slide!
They need to know about the swings *and* the green grass *and* the happy children!
If they know about *all* these things, they can make the park extra, extra fun for **everyone**!
See? Knowing lots of things is super helpful and makes everything more fun!"
1737,CHATGPT,7.0,9.0,13.0,3.63,15.55,5,Core concept: KAIST's limited PE (P.E. AU) offerings create graduation delays and timetable conflicts; the proposed fixes are to increase PE class availability and to implement a military AU option to satisfy the requirement.,"Here‚Äôs an even younger-child version. Target age: about 12‚Äì24 months.

- Very short explanation
  - Big school.
  - Kids need to move and play.
  - Two tiny ideas: more play time; a shiny badge that means gym.

- Simple picture ideas
  - A big sun and little movers (stick figures) running or bouncing.
  - A shiny badge with ‚ÄúPlay‚Äù on it and a smiling face.

- Tiny kid-sized story (3 short sentences)
  - School big.
  - Kids want to move.
  - We play more.

- Tiny drawing ideas
  - Draw a sun with feet moving.
  - Draw a badge that says ‚ÄúPlay‚Äù with a happy face."
1737,CLAUDE,7.0,7.0,13.0,3.72,15.19,5,"The main argument is that KAIST should increase the number of available P.E. classes or provide alternative ways to fulfill the P.E. graduation requirement, because the current shortage of P.E. classes delays graduation and makes course scheduling difficult for students.","**The Crying Kids**

You know when you cry because you want something?

Some big kids are crying too!

**What Happened**

The big kids want something special.

But... it's not there!

Like when your toy is broken. You cry!

The big kids are crying because they can't have their special thing.

**They Want Help**

The big kids say: ""Waaaah! Help me!""

Just like when you cry and want Mommy!

**Make Happy**

Mommy and Daddy need to help the big kids.

Then the big kids will stop crying.

Then everyone is happy!

Yay!

*[Uses very simple words, very short sentences, focuses on crying/happy emotions, uses immediate comparisons to broken toys, and includes sound effects and exclamations that very young children relate to]*"
1737,GEMINI,8.0,9.0,13.0,2.49,13.31,4,The core concept is that the insufficient availability of P.E. classes at KAIST creates significant graduation hurdles and scheduling difficulties for students. The author argues for increasing P.E. course offerings or allowing military service to fulfill the P.E. requirement.,"Imagine our school! It's a fun place where we play and learn.

We love to run and jump outside! It helps our bodies grow strong. We call this ""playtime""!

But uh-oh! Sometimes, there are **not enough turns** for everyone to run and play. It's like having only one slide, and *all* your friends want to slide at the same time! It's hard to wait.

When kids don't get enough turns to run and play, it can make them feel a little **squirmy** or not so happy at school. It's hard to learn when you really want to run around!

So, a **nice grown-up** who cares about kids says, ""Hey! This isn't fair! We need to help!"" They think our school should:

1.  **Have more times for kids to run and play outside!** So everyone gets a turn and no one waits too long.
2.  **Or**, they have another idea: if some kids go to a **special place where they run and jump a lot**, like being a little dancer or a super-fast runner! The grown-up thinks **all that fun running and jumping should be like their school playtime too!**

They just want to make sure all kids can **run and wiggle their bodies** and still **feel happy at school**!"
1447,CHATGPT,9.0,9.0,13.5,1.68,13.16,3,"KAIST should relocate from Daejeon to Seoul. The author argues this would create more job opportunities, enable easier collaboration with other universities, and attract more high-school students to enroll.","KAIST is a big school. It sits in Daejeon. Some people think, ‚ÄúMove KAIST to Seoul.‚Äù

If KAIST goes to Seoul, more grown-ups can work there. It could be easier to visit friends. But people would miss Daejeon, their home. Some kids and teachers would have to go far.

It‚Äôs a big decision."
1447,CLAUDE,8.0,8.0,13.5,2.01,13.48,4,"The essay argues that KAIST university should relocate from Daejeon to Seoul because this move would provide better job opportunities, facilitate collaboration with other major universities, and attract more high-achieving students who prefer Seoul's location and amenities.","Here's how I'd explain this to a very, very little child:

**School is Moving!**

There's a school that's going to a new place!

üè† **Big Place**: The school is going somewhere BIG! Like a really big room with lots of space!

üë∂ **More Kids**: There will be MORE kids to play with! Yay!

üéà **More Fun**: More toys and fun things!

It's like this: You know how you like playing where all your toys are? The school wants to go where there are MORE toys and MORE friends!

The big people think kids will be happy in the big place with lots of fun stuff.

Just like you're happier when you have lots of toys to play with!

The end! üòä"
1447,GEMINI,10.0,14.0,13.5,1.52,14.37,5,"The core concept is that KAIST should relocate from Daejeon to Seoul to improve job opportunities for students, facilitate inter-university collaboration, and attract a larger pool of talented prospective students.","Okay, little friend, listen to this SUPER fun story!

Imagine a special school, a **Robot School**! Beep-boop! They learn to make *shiny robots* and *cool cars* there! Vroom-vroom!

Right now, this school is far away. Zzzzz... A little bit sleepy.

But! Some grown-ups have a super idea! They want to move the Robot School to a **BIG, HAPPY city called Seoul**! Woo-hoo!

Why would they do this? It's like three super good things!

1.  **Make Toys Faster!** It's like having all your special building blocks RIGHT next to you! So the grown-ups can make robots *super-fast*! Zoom! No waiting!

2.  **Play with More Friends!** In the big city, there are *other smart schools*! Lots of friends! The robot grown-ups can meet other grown-ups! They can say, ""Hi! Let's build a giant robot TOGETHER!"" Like sharing your favorite toys! More fun!

3.  **More Kids Want to Go!** Seoul is so much fun! If the Robot School is there, *lots and lots more kids* will want to go! ""Yay! I want to make robots too!"" It's like choosing the park with the *biggest slide*! Everyone wants to play there! Hooray!

So, moving the Robot School to Seoul is a super-duper idea! It helps them make robots *faster*, play with *friends*, and gets *more kids* excited! Hooray for robots! Beep-boop!"
486,CHATGPT,3.0,5.0,10.5,2.49,12.89,3,"The main argument is that students should be allowed to choose their own roommates rather than be assigned one. This leads to a more comfortable, harmonious living environment, better rest, and easier social connections, whereas random assignments can cause conflicts and hygiene issues.","Here‚Äôs a version that‚Äôs even easier for very young children.

- In class you sit at a small table with a friend.

- If you pick a friend who likes the same things, you have more fun.

- If you pick a friend who shares nicely, the table stays neat.

- If a small problem happens, you can talk a little and fix it.

- If you sit with someone you like, you feel happy and safe.

What if the seat is chosen for you?

- You might sit with someone you don‚Äôt know. That can feel hard and you might not be happy.

Two tiny stories:

- Ana sits with Mia. They both love reading picture books. They share nicely and feel calm.

- Sam sits with someone new. They talk loudly and don‚Äôt clean up. They don‚Äôt agree.

If you could choose, what would you look for in a buddy to sit with?

- A kind friend

- A friend who shares

- A friend who likes some of the same games or books

- A friend who makes you feel happy and safe"
486,CLAUDE,2.0,2.0,10.5,2.89,14.35,5,"The essay argues that students should be allowed to choose their own roommates rather than being assigned random roommates by the university, because self-selected roommates are more likely to be compatible in lifestyle and interests, leading to a more comfortable living environment.

Note: This essay appears to be off-topic, as it discusses roommate selection rather than addressing the prompt about whether university education should be available to all students or only good students.","**What this means for little babies:**

You know your favorite blankie?

**The big idea:** YOU pick your own blankie! Not someone else picking a yucky blankie you don't want.

**Why?** Because you want a blankie that:
- Feels good
- Smells nice  
- Makes you happy!

Like when you hug your special blankie!

**Uh oh!** The big person said something wrong!

It's like when you want milk and someone gives you shoes instead! 

Milk goes in your tummy, shoes go on your feet! The big person got mixed up - so silly!

The big person talked about the wrong thing!"
486,GEMINI,3.0,3.0,10.5,2.52,13.42,3,"This essay argues that university students should be allowed to choose their own roommates rather than having them assigned by the university. The author contends that self-selection ensures greater comfort, minimizes conflicts, and facilitates shared interests for a more positive living environment.","Okay, imagine you get to share a room with a friend!

Sometimes, grown-ups pick your room-friend for you. They just say, ""You're with this person!""

But what if *you* could pick? Like choosing your very best buddy!

*   You would feel super, super **happy**! And **safe**, like a warm hug.
*   No sad faces! No getting **mad**! Because you picked someone you really, really like.
*   You can play your favorite games together! Or read your favorite book. So much **giggling and fun**!
*   Your room would be the happiest place ever! Like a happy, sunny room!

So, this story says: Kids should pick their *own* room-friend! So everyone can be happy, happy, happy in their rooms!"
124,CHATGPT,0.0,0.0,12.0,0.96,12.18,3,"I can‚Äôt extract the core concept from the essay because no essay text was provided (it shows as ""nan""). If you‚Äôd like, here are two possible core concepts you could use for this prompt, in 1‚Äì2 sentences each:

- If the stance favors teacher-led instruction: The core concept is that guided, feedback-rich teaching provides essential structure and accountability that maximize learning outcomes, especially for complex subjects.

- If the stance favors self-directed learning: The core concept is that independent study, when supported by effective strategies and resources, can be equally or more effective due to personalized pacing, autonomy, and motivation.","Here are even simpler versions for a younger child (toddlers and younger):

- Grown-up-led play:
  A grown-up shows you one small thing to try. You try it a little. They clap and smile when you do it. It‚Äôs like a tiny coach.

- Explore and play at your own pace:
  You pick a toy and play with it. You move it, touch it, and look at it. You learn by exploring, at your own speed."
124,CLAUDE,0.0,0.0,12.0,1.63,13.04,3,"I cannot extract a core concept or main argument because no essay content was provided - the essay field shows ""nan"" (not a number/no content). To identify the main argument, I would need the actual essay text that responds to the prompt about learning preferences between self-study and teacher-guided instruction.","Hey little one! Let me tell you what happened:

**What's going on?**
You know when Mommy or Daddy reads you a book? Well, someone gave me a book, but when I opened it - NO WORDS! Just empty pages!

**The problem:**
- The book was empty! 
- Like when you open your snack box and there's no crackers inside
- Nothing there at all!

**Why I couldn't help:**
I can't read an empty book! Just like you can't eat crackers that aren't there!

**What we need:**
Someone needs to put words in the book first. Then I can read them to you!

It's like this: I was ready to read you a story, but the book had no story inside! We need someone to write the story first!

Make sense, sweetie? üòä"
124,GEMINI,0.0,0.0,12.0,1.37,12.33,2,"I cannot extract the core concept or main argument because the essay content is ""nan"" (not provided). Please provide the essay text.","Okay, little friend! Imagine I'm your special story helper. I *love* reading stories!

My job is to find the **main thing** in a story. It's like if you show me a drawing of a happy cat playing with a toy ball, I'd say, ""The main thing here is a happy cat playing!""

But sometimes, someone asks me, ""What's the main thing in this story?""

And then... they didn't give me any story at all! Uh oh!

It's like they gave me a book... but all the pages are EMPTY! There are no words inside!

So, when I say, ""I can't tell you the main thing because the story part is **not there**,"" it means...

...It means **you didn't give me any words to read!** There was nothing for my eyes to see!"
1766,CHATGPT,9.0,8.0,12.0,3.02,14.63,5,South Korea should reform its military service system. The author proposes introducing compulsory military service for women and improving soldiers' pay and meal quality to strengthen national defense and reduce the burden on young men.,"Here‚Äôs a version for a younger child:

- Helpers keep us safe.
- In Korea, grown-ups think more people should help for a while.
- Right now, most helpers are boys.
- Some people think girls and boys should help too.
- They want helpers to have good meals and fair pay.
- Adults are talking to decide what‚Äôs best."
1766,CLAUDE,8.0,8.0,12.0,3.5,15.78,5,"The author argues that South Korea's military service system needs fundamental reform, specifically advocating for mandatory military service for women (to reduce the burden on men and improve army quality) and better compensation and treatment for soldiers (including fair wages and improved food quality).","**Why Everyone Should Help (For Little Kids)**

**What happens now:**
- Big boys have to go help
- Big girls don't have to
- That's not fair!

**What's better:**
- Boys help
- Girls help too
- Everyone helps together!

It's like cleaning up toys - EVERYONE should help pick up, not just one person!

When you're big, you help too. Boys help, girls help. Fair!

*Shows two simple stick figures - one boy, one girl - both helping*

Is that better? Everyone helps!"
1766,GEMINI,7.0,9.0,12.0,2.65,13.94,3,"The essay argues for reforming South Korea's military service system by implementing mandatory service for women and significantly improving soldiers' pay and food quality. These changes are proposed to enhance military quality, reduce the burden on men, and ultimately strengthen national defense.","Hi there, little friend! Guess what? Our country, South Korea, is like our super big house! We all live and play here, right?

We have very special helpers, like superheroes! They wear special clothes and help keep our big house safe, safe, safe! They make sure nothing yucky or ouchie comes near, so we can play and smile all day!

Right now, it's mostly grown-up daddies and big brothers who do this super important job. They work super hard to keep us safe!

But guess what? Some big people have super cool ideas to make our helpers even *better*!

1.  **Idea 1: What if girls can be helpers too?** Like our mommies and big sisters! Yay! More helpers mean our big house is even *more* safe! Like having extra friends to play tag!
2.  **Idea 2: Let's give our helpers a big thank you!** Maybe a yummy cookie or a happy sticker! So they know we love them and think they are the best!
3.  **Idea 3: Give them super yummy, strong food to eat!** Like big yummy carrots and apples! So they have lots of energy to run, jump, and keep us safe, safe, safe!

If we do all these good things, our helpers will be super strong and super happy! And it means our daddies and big brothers don't have to do *all* the big work by themselves. It helps them too!

And best of all? Our whole big house ‚Äì South Korea ‚Äì stays super-duper safe for *everyone*! For you, for me, for mommy and daddy! Yay, yay, yay!"
268,CHATGPT,0.0,2.0,13.0,6.57,13.92,5,"I can‚Äôt extract the core concept because the essay text is missing (it shows ‚Äúnan‚Äù). Please paste the actual essay content.

If you want a sense of the core concept prompts might yield, here are two possible 1‚Äì2 sentence cores depending on the stance:

- If the stance is that attendance should be mandatory: The core concept is that university students should be required to attend classes because regular attendance enhances learning, accountability, and engagement more effectively than optional attendance.

- If the stance is that attendance should be optional: The core concept is that class attendance should be optional, since students learn best through flexibility and self-directed study, with supports in place to ensure adequate engagement.","Here‚Äôs an even younger version, for babies 0‚Äì6 months.

Mandatory attendance (everyone goes to class)
- Idea: All babies come to group time with a grown-up nearby.
- Why it helps: Hearing soft singing, seeing friendly faces, and being held or touched gently helps calm and comfort babies.
- Analogy: A tiny circle of smiles and soft sounds.
- Tiny example: If you miss it, you might miss the song or the cuddly moment with a grown-up.

Optional attendance (you can go to class or stay with a grown-up)
- Idea: A grown-up can stay close, or you can rest with a grown-up nearby.
- Why it helps: Some days babies want quiet time or a nap, and grown-ups know what helps.
- Analogy: A cozy corner with a soft toy and a hug.
- Tiny example: If you stay with a grown-up, you might nap or look at a soft book together.

Small note that fits both ideas
- Classes can use simple pictures and gentle reminders for grown-ups.
- Every baby learns differently, so it‚Äôs good to have choices and to keep cuddles and care part of learning."
268,CLAUDE,0.0,0.0,13.0,1.26,12.32,3,"I cannot extract a core concept or main argument because no essay content was provided - the essay field shows ""nan"" (not a number/no content). To identify the main argument, I would need the actual essay text that responds to the prompt about whether university class attendance should be mandatory or optional.","**What happened? Let me tell you!**

**It's like this:**
You have a book, but when you open it... it's all empty! No pictures at all!

That's what happened. Someone forgot to put their story in!

**It's like:**
- A cookie jar with no cookies
- A toy box with no toys
- Looking for your blankie but it's not there

**What's ""nan""?**
""Nan"" means ""nothing here!"" 

Like when you look for something and it's gone!

**The easy part:**
To read a story, you need words first!

No words = no story!

Like mommy needs a book with pictures to read to you!

*It's okay - someone just forgot to put their story in!* üìö"
268,GEMINI,0.0,0.0,13.0,-0.76,11.4,2,"The essay content is ""nan,"" indicating that there is no essay provided. Therefore, I cannot extract a core concept or main argument. Please provide the full essay text.","Okay, imagine you asked me, ""Tell me about my picture!""

But... I don't see a picture!

It's like an empty paper.

I can't see a sunshine! I can't see a puppy! I can't see anything!

I need to *see* your picture first.

Can you show me your real picture, please?"
437,CHATGPT,11.0,12.0,12.5,5.78,15.21,5,"The core concept is that studying alone is preferable to studying in a group. The author argues this because introversion makes group settings anxious and unproductive, and solo study enhances focus and reduces time wasted on social distractions.","Newborns (birth‚Äì3 months)

Story time (birth‚Äì3 months):
- Meet Pip. Pip is a tiny newborn held close in your arms or against your chest.
- Pip listens to your voice and watches your face as you talk in a soft, slow way.
- Pip may respond with a tiny reflex smile, a little sigh, or a calm wiggle. True social smiles usually come a bit later.
- Very short, quiet moments together help Pip feel safe and begin to learn.

Simple ideas to study together (birth‚Äì3 months):
- Find a comfy spot in your lap or cradle, with Pip facing you or nestled close.
- Do one tiny, calm activity at a time: one soft word or song, one gentle cuddle, one slow pause to look into Pip‚Äôs eyes.
- Keep the room gentle: soft lights, quiet sounds or gentle music; avoid loud noises and bright flashing toys.
- Use a gentle rhythm: sway, hum, and slow breathing; watch Pip‚Äôs cues (turning head, closing eyes, rooting) and pause when Pip seems tired or overstimulated.
- If Pip fusses, try again after a short break with a cuddle or nap.
- If you need help, ask a grown-up you trust for tips.

Note: It‚Äôs okay to enjoy group time, but newborns benefit most from very short, calm moments of connection. If you‚Äôd like, I can make a version for ages 3‚Äì6 months as well."
437,CLAUDE,8.0,8.0,12.5,4.83,16.29,5,"The author argues that studying alone is preferable to group study because their introverted personality makes group interactions counterproductive, and solo studying better develops the independent focus skills needed for real-world work situations.","Here's how I'd explain this to a teeny tiny baby:

**The Baby Version:**

*[In a very soft, cooing voice with gentle touches]*

**You like quiet time!**
*[Pat pat pat]*

**Quiet = Good!**
*[Whisper softly]*

**You = Good baby!**
*[Big smile and gentle clap]*

**Simple sounds:**
- ""Shhh... nice""
- ""Quiet... happy""
- ""You... good""

*[Hold up one finger]*
**One you = Perfect!**

*[Gentle rocking motion]*
**Calm baby**
**Happy baby**
**Good baby**

*[Soft singing voice]*
""Quiet time, happy time, you're my good baby""

**Super simple:** 
*[Gentle whisper with loving eyes]*
""Quiet good. You good.""

*[Lots of gentle smiles, soft touches, and calm energy throughout]*"
437,GEMINI,9.0,12.0,12.5,-0.54,12.16,3,"The author prefers studying alone because group study leads to inefficiency, social anxiety, and distractions. In contrast, studying alone allows them to enhance their focus and develop self-reliance crucial for real-world challenges.","Okay, sweetie pie! Look! Here's your favorite little toy car! (Hold up a toy car)

You want to push the car! Vroom! Vroom!
You say, **""Me do it! Me do it!""** (Use a happy, encouraging voice, mime pushing the car)
You want to push it **all by yourself**!

Why is ""Me do it!"" so super-duper good?

Sometimes, if we play with **lots** of friends...
*   ...they might grab your car! Oh no!
*   ...or make lots of noise, and it's hard to push your car!

But when you do it **all by yourself**, ""Me do it!"":
*   You push your car! Vroom! Yay! All by yourself!
*   You learn how to do it! You know how!
*   And it makes you feel so, so happy! Good job!
*   Then you can do **many** happy things all by yourself! Like putting away your blocks! Or eating your yummy snack!"
1540,CHATGPT,8.0,8.0,12.5,2.28,14.76,3,"KAIST should build an underground tunnel through Hill Eoeun to connect the western dormitory with the campus‚Äôs lecture buildings, solving access issues and shortening commutes. The tunnel would also reduce energy use and is presented as an especially opportune project due to low dorm occupancy during COVID-19.","Short story (tiny, simple, very easy to understand)
- Ana and Jay are friends.
- They live near a hill.
- The hill is big.
- A tunnel could go under the hill.
- The tunnel goes from home to class.
- It is fast.
- You stay dry in the rain.
- Grown-ups help keep it safe.

Simple drawing idea
- Draw a big hill in the middle.
- Put homes on the left and classrooms on the right.
- Draw a curved line under the hill from left to right to show the tunnel.
- Add a few happy people going through.
- Use colors: hill green, homes yellow, classrooms blue, tunnel gray."
1540,CLAUDE,8.0,8.0,12.5,1.61,14.38,4,"The essay argues that KAIST University should construct a tunnel through Hill Eoeun to solve transportation difficulties for students living in western dormitories who must walk long distances around the hill to reach their classes. The author contends that now is the ideal time to build this tunnel due to reduced dormitory occupancy during COVID-19, which would minimize construction disruption while providing a cooler underground passage for future use.","**The Magic Underground Path**

You know how moles go under the dirt? They make tunnels!

There's a big, big hill. Kids live here. School is there. But the hill is in the middle!

Right now, kids walk around the whole hill. Walk, walk, walk - so far! Like walking all around the playground just to get your ball!

So grown-ups said, ""Let's dig under the hill!"" Like digging in the sandbox, but bigger!

Then kids can walk straight through! Go in here, come out there! No more long walk around!

When it's hot or wet outside, kids stay nice inside their tunnel.

It's like a secret cave! You go in one door, come out another door!

They want to build it now so it's ready for you!

Cool tunnel under the hill - just for kids!"
1540,GEMINI,9.0,11.0,12.5,1.06,12.81,2,"The core concept is that KAIST should construct a tunnel through Hill Eoeun to improve western dormitory students' access to lecture halls, citing the current low dorm occupancy due to COVID-19 as an ideal construction period and the tunnel's potential to provide a cool, energy-efficient passage.","Okay, little one, imagine your bed is way over *here*.
And your favorite toys are way over *there*!

But in between your bed and your toys is a **super big mountain**!
To get to your toys, you have to walk *all around* the mountain. It's a long, long walk! Your little legs get tired, and the sun makes you so, so hot! Phew!

Now, some smart people have a super secret idea!
What if we dig a **secret hole** right *through* the middle of the big mountain?
Like a little worm digs a hole in an apple! *Squiggle, wiggle!*

And guess what? Right now, it's a *quiet* time. Not many big kids are playing near the mountain. So it's a perfect time for the big diggers to make our secret hole! No one will be in the way!

When the secret hole is all done, it will be amazing!
1.  You can get to your toys **super fast**! *Vroom!*
2.  It will be nice and **cool inside**, like a shady tree on a hot day. No more hot sun on your head!
3.  And it just *stays* cool all by itself! That's super smart!

So, it's like making a super cool, super fast, secret path just for you! And we can do it now while it's quiet!"
595,CHATGPT,8.0,8.0,12.0,2.29,12.89,2,"Friends are the most important influence on young adults. The essay argues this because young adults spend most of their time with friends, communicate about trends through SNS, and share similar interests, creating stronger mutual influence than family.","Friends help you have fun. They show you games and things you might like.

Family loves you. They teach you to be kind and to stay safe.

Think about what you like and pick what makes you happy.

If something feels wrong or scary, tell a grown-up you trust."
595,CLAUDE,7.0,7.0,12.0,3.07,15.83,5,"The essay argues that friends are the most important influence on young adults because they spend significantly more time together, share common communication topics (especially through social media), and have no generation gap between them, unlike the barriers that often exist in family relationships.","**Friends Are Fun!**

**Play! Play! Play!**
- Play with Mama!
- Play with friend!
- Fun! Fun! Fun!

**Friend Like You!**
- You like ball - friend like ball!
- You like snacks - friend like snacks!
- Happy!

**Friend Nice!**
- Friend gives hugs
- Friend smiles
- Friend plays

**Friends Good!**
Mama loves you! Dada loves you! Friends play and make you happy!

*[This version uses one- to two-word phrases, immediate repetition, exclamation points for excitement, and focuses only on the most basic concepts: friends play with you and make you happy. Perfect for children just beginning to speak and understand simple concepts.]*"
595,GEMINI,6.0,6.0,12.0,2.33,13.53,2,"The essay argues that friends are the most important influence on young adults. This is primarily due to the significant amount of time young adults spend with friends, their shared conversation topics (like SNS trends), and the absence of a generation gap, which leads to mutual influence and similarity among them.","Okay, imagine you and your **best, best friend**!

This idea says that when kids like you play with their friends, those friends are like **super special helpers** for finding out what's fun and what you like!

Why are they so special? Well, first:

1.  **You guys play together *all the time*!** Like, at school, at the park, or when you have a playdate. You share your toys, build towers, and run around.
2.  **You like all the *same fun stuff*!** Maybe it's a special cartoon, or a new game with your blocks, or making up silly songs. You know all the best jokes that only your friends laugh at!
3.  **You're all around the *same age*!** So you know just what it feels like to be a kid. If you're sad because your ice cream fell, your friend gets it! If you find something super exciting, your friend gets excited too! Grown-ups might not always know all the secret kid games.

Because you play and talk so much, and you understand each other so well, you start to **learn new things from your friends**! Maybe you try a new game your friend likes, or you start saying funny words they say. It's like your friends help you find **even more fun things** to do and be **even more YOU**!"
1412,CHATGPT,12.0,11.0,13.5,1.57,13.27,4,"Core concept: KAIST's mandatory School of Freshmen requires all students to take basic subjects before declaring a major, which can waste time and hurt grades for those who already know their field. The essay argues for reform by increasing early department briefing sessions to help students explore and choose their majors more efficiently.","School is a big, fun place. You can try lots of things. A teacher helps you. You can see a group of kids and do a tiny activity, like coloring a picture or tapping a beat.

Think about a toy store. You look at many toys, play a small game, and pick your favorite.

Trying a few things helps you learn what you like. Do you want to meet a teacher to try things?"
1412,CLAUDE,8.0,12.0,13.5,1.26,13.44,4,"The author argues that KAIST's School of Freshmen system, which requires all first-year students to take basic courses in multiple subjects before choosing their major, should be changed because it wastes time for students who have already decided their major, potentially lowers grades by forcing students to take subjects they're weak in, and is less effective than alternative methods like department briefing sessions for helping students explore different fields.","**What if you had to eat ALL the food before getting your favorite?**

You know your favorite snack? Like goldfish crackers or apple slices?

What if Daddy said: ""First eat ALL the food in the kitchen, THEN you can have goldfish!"" 

That's silly! 

ü§¢ **Yucky!** - You don't want to eat gross stuff!

üò¢ **That's sad!** - You just want your yummy goldfish NOW!

‚ú® **Better way!** - Daddy shows you snacks. You point to what you want. ""Goldfish please!"" Easy!

It's like if someone said ""Play with EVERY toy before you can hug your stuffie!"" But you just want to hug your soft bunny right now!

You like what you like! That's okay!

Sometimes grown-ups have weird rules. You can think ""That's silly!"" in your head."
1412,GEMINI,11.0,13.0,13.5,1.69,13.21,4,"The essay argues that KAIST should change its School of Freshmen system. The author believes it is inefficient for students who have already chosen their major, can negatively impact grades, and is not the most effective method for major exploration.","Okay, imagine our super fun playroom! It has *lots* of toys! Red trucks, bouncy balls, soft dolls, colorful blocks!

But there's a rule that says... *everyone* has to play with *all* the toys for a super long time first. Even if you don't want to!

But the grown-ups are saying, ""Hmm, maybe that's not a good rule!"" Here's why:

1.  **""It makes you feel a little sad!""**
    *   What if you *really, really* love playing with the red truck? You want to play with it *right now*! But the grown-ups say, ""No, you have to play with the play-doh first, and the blocks, and the dolls... for a super long time!"" That makes you feel a little bit sad, right? You want to play with your favorite truck *now*!

2.  **""You might not get as many happy stars!""**
    *   If you have to play with a toy you don't like, maybe you don't try your best. Like, if you don't like painting, maybe your painting won't be so super-duper. And then maybe you don't get a happy star or a high-five!

3.  **""It doesn't help you find your best friend toy!""**
    *   And what if you don't know your very, very favorite toy yet? Just playing with *all* the toys for a *little bit* might not help you find your *best* toy. It's like, ""Hmm, which one is it?"" Maybe there's a better way to help you find your *most favorite* toy, like your best friend toy!

So, the grown-ups want to change the rule! They want you to play with what you *really, really* love! Then you'll get lots of happy stars and high-fives, and find your favorite toy super fast! Yay!"
1851,CHATGPT,3.0,3.0,11.0,1.07,14.92,3,"Smartphones damage communication and social skills by diverting time away from face-to-face interactions and encouraging rely-on mediated conversations. They also expose users to harmful content and foster one-sided communication, weakening real-life relationships and empathy.","Here‚Äôs an ultra-simple version for very young kids (about ages 0‚Äì2).

Tiny story:
- This is Pip the Phone.
- Pip helps.
- Friends are here to play.
- When a friend talks, listen.
- Put Pip away. Look at your friend. Say kind words.
- If something looks scary, tell a grown-up.
- Play outside. Build, run, draw.
- Pip is a helper, not the boss."
1851,CLAUDE,3.0,2.0,11.0,2.59,14.0,3,"The essay argues that smartphones negatively impact communication by reducing face-to-face interaction time, creating over-reliance on digital messaging that leads to phone call phobia, and diminishing people's emotional and social skills needed for real-world relationships.

Note: The essay prompt asked about violent video games, but the student wrote about smartphones instead, making this a complete topic mismatch.","**What This Means for Little Kids:**

Think about when you're playing with toys and Mommy asks you to do something:

üß∏ **What happened:** A big kid had homework. The teacher said ""Tell me about fighting games!"" But the big kid talked about phones instead.

üì± **What the kid said:** ""Phones are bad! Kids don't talk! Kids are mean!""

üòÆ **Uh oh!** The teacher wanted to hear about games, not phones!

**It's like this:** 
- Mommy says ""Put away your blocks""
- But you put away your dolls instead
- Mommy says ""No no, I said BLOCKS!""

**What we learn:** We need to listen with our ears! üëÇ

When someone asks you something, make sure you answer the RIGHT thing!

It's like if someone asks ""What color is your shirt?"" and you say ""I like ice cream!"" That's silly! üòÑ

Always listen carefully so you give the right answer! üåü"
1851,GEMINI,1.0,3.0,11.0,-0.44,12.74,3,"The essay argues that smartphones negatively affect human communication by consuming time, fostering reliance on superficial digital interactions over real-world engagement, and diminishing essential emotional and social skills. (Notably, this essay completely deviates from the prompt about violent video games.)","Okay, little one, look! The phone is fun! Bright colors! But guess what? We have *other* fun too!

1.  **No time for *this* fun!** If your eyes are on the phone, can you build big blocks? *No!* Can you roll your ball? *No!* Can you hug Teddy? *No!* We want to play with *real* blocks and *real* ball!

2.  **Phone friend can't hug!** You see a friend on the phone. Nice! But can you give a phone friend a *big hug*? *No!* Can you share your yummy snack with a phone friend? *No!* Real friends give *real hugs*! Real friends share *real snacks*! Mmm!

3.  **Miss Mommy's smile!** If your eyes are on the phone, maybe you don't see Mommy's happy smile! Or hear Daddy say ""Up, up, up!"" We love to see happy faces and hear happy voices!

So, the phone is fun for a little bit! But playing with your toys, running outside, hugging Mommy and Daddy is *BIG, BIG, BIG FUN* too! We do both! Yay!"
1193,CHATGPT,12.0,12.0,14.0,2.58,12.02,5,"Core concept: Online courses offer practical advantages over traditional lectures, including time savings and convenience, improved student‚Äìprofessor communication, and more efficient learning through recorded videos that allow review and focused questions.","Here‚Äôs a version for an even younger child (about 1‚Äì2 years old), with very simple words and short sentences:

- Online school is pictures on a screen at home.
- We sit with a grown-up.
- The pictures move and sing.
- You can touch the screen.
- If you need a break, the grown-up stops it.
- The grown-up tells the teacher later what you did.
- You can watch again and again.
- It can be calm and fun."
1193,CLAUDE,9.0,8.0,14.0,5.66,18.12,5,"The essay argues that online courses offer clear advantages over traditional face-to-face lectures, primarily through increased comfort and convenience for students, and improved efficiency through recorded videos that allow students to review material at their own pace. The author contends that these benefits make online learning a superior educational format that saves time for both students and professors while enhancing communication and learning outcomes.","**Computer Learning - For Baby!**

**Baba! Baba!**

üëÜ **Touch!** - Touch touch!

‚ú® **Ooooh!** - Light! Light!

üéµ **Ahhh!** - Sound! Sound!

üëÄ **See!** - Pretty! Pretty!

ü§ó **Mama!** - Mama here!

ü§ó **Dada!** - Dada here!

üòä **Happy!** - Baby happy!

üò¥ **Sleepy!** - Night night!

ü§ó **Cuddle!** - Warm! Safe!

**Pretty!**
**Safe!**
**Mama!**

*[Uses baby sounds like ""baba,"" single repeated words, focuses purely on sensory input like ""light,"" ""sound,"" ""pretty."" Emphasizes caregiver presence and safety. Simple emotional states a 6-12 month old experiences.]*"
1193,GEMINI,8.0,12.0,14.0,1.99,12.88,2,"Online college courses offer clear advantages, making lectures more comfortable and time-efficient for students by eliminating travel, increasing communication between students and professors, and providing recorded videos for more efficient and personalized studying.","Okay, let's make it super simple for a tiny tot!

Imagine you're playing with your toys right here at home.

1.  **School at Home!** Guess what? When it's time for school, you don't have to put on your shoes or get in the car! You just sit right where you are, maybe on the couch or at your little table, and learn! It's like school comes to *you*!
2.  **Easy to Ask!** If you don't understand something, it's super easy to tell your teacher! Like calling your friend on the phone, ""Hey! I need help with this block tower!"" So you can always get help right away!
3.  **Watch Again!** Remember when you watch your favorite cartoon? If you missed something, or want to see it again, you can just push 'play'! Online school is like that! If you didn't hear the story all the way, you can watch it again! So you can learn everything super-duper well!

So, online school makes learning super comfy, and you learn everything really, really well, and you get more time for playing!"
55,CHATGPT,0.0,0.0,10.5,2.95,15.53,3,"I can‚Äôt extract the core concept because the essay text is missing (it shows ""nan""). Please provide the actual essay content.

If you want a generic core concept for this prompt (universal access to higher education), one possible 1‚Äì2 sentence core concept is:
Higher education should be accessible to all capable students because it promotes equality of opportunity and yields broad societal and economic benefits. Restricting access to only ‚Äúgood‚Äù students would waste potential and entrench inequality.","Here are ultra-simple versions for a very young child (around ages 1‚Äì3):

Ultra-short lines (one tiny page)
- Big school. Grown-ups learn.
- Learning helps at home.
- Home is happy.
- The town is nice.

Tiny story (four short sentences)
- Look: a big school for grown-ups.
- Grown-ups go there to learn new things.
- When they learn, they help at home.
- The town becomes nicer because of them."
55,CLAUDE,0.0,0.0,10.5,2.22,12.29,3,"I cannot extract a core concept or main argument because no essay content was provided - the essay field shows ""nan"" (meaning no content available). To identify the main argument, I would need the actual essay text that responds to the prompt about whether higher education should be available to all students or only to good students.","**Oopsie! Something's missing!**

You know when you lose your toy and can't find it anywhere? That's what happened!

**It's like this:**
- Someone wanted to show me a story
- But... whoops! They forgot it at home!
- So there's nothing for me to see

**Just like when:**
- You open your lunchbox but it's empty - no sandwich!
- You look in your toy box but no toys inside
- You want to pet a doggy but no doggy is there

**I'm like:**
""Where's the story? I don't see it!""

It's like if you said ""Look at my pretty rock!"" but your hands are empty. I would say ""What rock? I don't see a rock!""

Someone just forgot to bring their story to show me. Maybe next time they'll remember!

*No worries though - these things happen!* 

Just like sometimes you forget your backpack or your favorite stuffed animal. We all forget things sometimes!"
55,GEMINI,0.0,0.0,10.5,1.23,12.38,2,"I cannot extract the core concept or main argument because the essay content is not provided (""nan""). Please provide the essay for analysis.","Okay, little friend, imagine I'm your helper!

And you say to me, ""Helper, what's the most fun thing in my coloring book?""

But then... you don't actually give me your coloring book! You just show me your empty hands! Or maybe you just say ""nothing!""

My helper brain would say: ""**Oh no! I can't tell you what's fun, because I haven't seen your coloring book! Please show it to me first!**""

That's just like what happened! Someone asked me, ""What is this story about?"" But they didn't show me the story to read! So I couldn't tell them anything at all!"
340,CHATGPT,2.0,3.0,11.5,8.73,15.22,5,"Computers have made life easier and more convenient by enabling easier information access, driving technological progress, and expanding education (including remote learning for underserved areas). Although some argue they increase complexity, the benefits from online information, education, and media experiences outweigh the downsides.","Here‚Äôs a version for an even younger child (0‚Äì1 month, newborns):

- Screens aren‚Äôt needed yet. Newborns learn best from faces, voices, and gentle touch.

- A grown-up sits close, holds you skin-to-skin or in a safe cradle, talks softly, smiles, and sings quietly. You watch and listen and respond with tiny coos and soft movements.

- You feel safest when you‚Äôre held close and cuddled. Soft touch and gentle rocking help you relax.

- Real, hands-on time helps you learn: soft blankets, a snug swaddle, your own hands and feet to explore, and calm, simple interactions like gentle patting and slow, soothing movements.

- If a screen is ever used, keep it very brief and always with a grown-up present. For newborns, avoid screens and focus on in-person interaction instead.

- Pair cuddles and talking with simple, soothing routines: feeding time with eye contact and soft talking, gentle rocking, and short, simple lullabies; safe tummy time on a plain, safe surface while you‚Äôre awake and supervised; reading a simple board book if you‚Äôre interested.

- Sleep and safety reminders: place baby on their back to sleep, keep lighting and noise calm, and always supervise during any awake, tummy-time activity."
340,CLAUDE,2.0,2.0,11.5,2.52,14.09,3,"The essay argues that computers have made life easier and more convenient, despite some claims that they make life more complex and stressful. The author supports this position by citing computers' role in technological development, expanded educational opportunities (especially during COVID-19), and providing access to information and indirect experiences through platforms like Google and YouTube.

Note: This essay appears to be responding to a different prompt than the one provided - it discusses computers rather than university curriculum approaches.","**Computers: Good or Bad?**

Someone wrote about computers! They asked: ""Are computers good or not good?""

**What they think:**
Computers are SUPER good! Some people think computers are scary, but this person says ""Nope!""

**Why computers are good:**

1. **Fun things!** - Make toys and games!

2. **See teacher!** - When you can't go to school, you can see your teacher on the computer! Wave hi to friends!

3. **Look at things!** - Want to see dogs? Look! Want to see how to make cookies? Look!

**Easy words:**
This person thinks computers are like magic! They help you play and see cool things!

*The person was supposed to write about schools, but wrote about computers instead - like when mommy asks you to put on shoes but you put on a hat!*"
340,GEMINI,0.0,1.0,11.5,2.69,14.04,2,"The core argument of this essay is that computers have made life significantly easier and more convenient. It supports this by highlighting their role in technological development, expanding access to education, and providing vast resources for information and indirect experiences.","Okay, let's make this super simple and fun for a tiny tot!

Hey little friend! Let's talk about something really, really cool.

It's about **computers!** Like your tablet you watch videos on, or mommy's phone, or the big screen at school. Guess what? They are like super, super good friends! They help us a lot and make us happy.

How do they help?

1.  **They help grown-ups make new, fun things!** Like drawing new toy ideas, or making new games for you to play! Computers help them make cool stuff for everyone.
2.  **They help you learn!** You can watch videos about dinosaurs roar, or learn your ABCs, or play math games. It's like having a friendly teacher right there when you want to learn something new!
3.  **They are like a magic box full of things to see and learn!** You can find out almost anything ‚Äì like what sounds a kitty makes or where the moon goes at night. And you can 'see' places very, very far away by watching videos. It's like a pretend trip from your couch!

So, the big idea is: **Computers are wonderful helpers! They make things good for us, help us learn, and show us so many amazing things!**"
1902,CHATGPT,9.0,9.0,11.0,2.3,14.0,3,"The core concept is that the author wants to visit the United States for the first time, mainly to see famous landmarks and use the trip as an opportunity to practice English, within a two-week timeframe. They also highlight that visiting a friend in Los Angeles would make the trip feasible and beneficial.","Here‚Äôs an even simpler version for a very young child (about 2‚Äì4 years old).

- A person goes to America. It is big and bright.
- They want to see big places and talk a little in English.
- The trip lasts about two weeks.
- A friend in Los Angeles helps a lot. They sleep at the friend‚Äôs home, show the city, and help practice English.

Tiny picture:
- Big trip.
- Every day, practice a tiny English word.
- A friend in Los Angeles makes it easy and fun.

A tiny example of what they might do:
- Say hi.
- Ask, ‚ÄúWhere is the map?‚Äù or ‚ÄúCan I have a map, please?‚Äù
- Look at signs and read a little about a place, trying new words.

Two-week idea, simple:
- Two weeks is enough to see big things and talk a little every day.
- A friend in Los Angeles makes it easy and fun."
1902,CLAUDE,8.0,8.0,11.0,-0.02,13.08,4,"The author wants to visit the United States for a two-week trip because it's the only major country they haven't visited yet, it would provide an opportunity to improve their English speaking skills, and they have a friend in Los Angeles who could host them and serve as a guide.","Here's how I'd explain this to a tiny little child:

**Going to See Friend!**

You know your friend? This person has a friend too!

Their friend lives far, far away. Very far!

They want to go see their friend - just like when you go see grandma!

When they visit their friend, they will:
- Play! 
- Eat yummy food!
- Have fun!

Their friend said ""Come play!"" So they want to go!

It's like a big, big playdate!

Won't that be nice?"
1902,GEMINI,9.0,9.0,11.0,2.33,13.71,2,"The author's core concept is the desire to visit the U.S.A. for two weeks, primarily to experience a previously unvisited country, improve English speaking skills for future academic pursuits, and visit a friend in Los Angeles.","Guess what? Someone has a SUPER-DUPER big wish!

They want to go on a fun trip to a faraway place called **America**! They want to visit for just a little bit, like maybe after two sleep-overs, they'll come back home.

Why do they want to go there so much?

1.  **To Look and See!** They want to see NEW things! Like when you go to a new park and see new swings or a new slide. They want to see what America looks like!
2.  **To Talk, Talk, Talk!** They want to talk to lots of people there! It's like when you learn new words every day. They want to get super good at speaking English!
3.  **To Hug a Friend!** They have a special friend who lives in a sunny city in America called Los Angeles! They want to give their friend a BIG hug and play fun games together!

So, their big wish trip is to look at new things, talk lots of English, and give their friend a happy hug!"
328,CHATGPT,8.0,10.0,11.5,3.68,12.52,5,"Computers have made life easier and more convenient by enabling vast data storage, faster computation, and easy access to services (such as online banking). Although some stress arises from complexity, the overall argument is that computers improve efficiency and practicality in daily life.","Here‚Äôs an even younger version for 0‚Äì3 months:

- A computer is a shiny box with lights.
- It can show big, simple shapes and slow, moving pictures.
- It can make soft sounds and gentle music.
- You might see a family member on the screen and hear their voice.
- A grown-up helps you look at it and keeps you safe."
328,CLAUDE,8.0,7.0,11.5,0.21,16.27,5,"The essay argues that computers have made life easier and more convenient by improving data management capabilities and providing flexible access to services like banking, despite some people finding them complex and stressful.","**Look look!**

*holds up tablet*

Pretty colors! Touch touch!

*makes tapping sounds* Tap tap tap!

*points to phone*

Beep beep! Ring ring!

*shows toy car*

Vroom! Go go go!

*points to lights*

On! Off! On! Off!

*claps hands*

Music! La la la!

*dance dance*

Helpers everywhere!

*spins around*

Yay yay yay!

*big smile and clap*

All done!"
